BFE,SI,FRI,SE,CBD,AE,AR,NAS,CPS,PD,9COH,9UYS,9MPS,9FF,9AIF,6COH,6UYS,6MPS,6FF,6AIF,WFA,Class
0.130455522,-0.384439378,-0.338869387,0.145019334,-0.269746161,-0.21826281,0.209351797,-0.18935635,-0.289869386,-0.391962128,-0.378287911,-0.356097368,0.089299072,-0.166768004,0.382827616,-0.360841226,-0.308535356,0.116184344,-0.230207074,0.386746724,0.18278725,2
0.160886292,-0.247828641,-0.359830936,0.076645468,-0.303224965,-0.243530938,0.215963666,-0.139656627,-0.326511306,-0.391450219,-0.444724259,-0.410324952,0.113542363,-0.157788039,0.479803394,-0.37633699,-0.311774705,0.152197544,-0.226715023,0.473742019,-0.596686302,1
0.164466383,-0.247828641,-0.310920656,0.047928444,-0.253006758,-0.240064552,0.213440296,-0.121906726,-0.322847114,-0.381382679,-0.554667595,-0.520286442,0.052934136,-0.135186777,0.479803394,-0.422824281,-0.35226657,0.170204144,-0.20737443,0.402564051,-0.337168543,1
0.119811744,-0.379029052,-0.341559722,0.149141323,-0.257407987,-0.217134845,0.201985247,-0.197831,-0.288861632,-0.392188642,-0.373611618,-0.352004282,0.084365069,-0.167960138,0.376515478,-0.355234643,-0.304850551,0.109647295,-0.23417283,0.379351385,0.202022936,2
0.150912057,-0.239412578,-0.36298247,0.079263081,-0.291623399,-0.242958927,0.208742592,-0.147037774,-0.326309755,-0.39166547,-0.441509712,-0.407424992,0.109141765,-0.158782594,0.475624936,-0.371071347,-0.308161173,0.146452864,-0.230603945,0.468260768,-0.594600748,1
0.154570918,-0.239412578,-0.312996057,0.04991422,-0.240300281,-0.239416273,0.206163702,-0.128897336,-0.322564943,-0.381376422,-0.553872044,-0.519805877,0.047200024,-0.135684055,0.475624936,-0.418581461,-0.349543949,0.164855649,-0.210837817,0.395516727,-0.329373028,1
0.109167965,-0.373618726,-0.344250056,0.153263311,-0.245069814,-0.21600688,0.194618698,-0.20630565,-0.287853878,-0.392415155,-0.368935325,-0.347911197,0.079431066,-0.169152272,0.37020334,-0.349628059,-0.301165747,0.103110245,-0.238138585,0.371956045,0.221258623,2
0.140937823,-0.230996515,-0.366134005,0.081880695,-0.280021833,-0.242386916,0.201521517,-0.154418921,-0.326108205,-0.39188072,-0.438295165,-0.404525033,0.104741168,-0.159777149,0.471446479,-0.365805705,-0.304547642,0.140708184,-0.234492868,0.462779516,-0.592515195,1
0.144675453,-0.230996515,-0.315071458,0.051899996,-0.227593804,-0.238767994,0.198887108,-0.135887946,-0.322282772,-0.381370164,-0.553076492,-0.519325312,0.041465913,-0.136181332,0.471446479,-0.414338641,-0.346821327,0.159507154,-0.214301204,0.388469403,-0.321577513,1
-0.256131733,-0.001689189,0.255437784,0.777906289,-1.383652407,-0.253795123,1.406386732,0.478835323,1.157165826,-0.212635483,-0.160381465,-0.044023167,0.397251984,0.044753806,0.397930518,-0.175974871,-0.104888066,0.363849642,0.062969443,0.425060963,0.711728769,4
-0.230612068,-1.648562436,0.215190381,2.049464623,-1.356103291,-0.217689396,1.410303049,0.959959571,0.961177907,-0.228080976,-0.165219455,-0.06261605,0.566821668,0.047742799,0.364680664,-0.088133344,-0.018255966,0.630561261,0.060759022,0.464108357,0.605709764,4
-0.27664518,0.052667891,0.283816969,0.851779148,-1.424988357,-0.252579771,1.289511591,0.395295319,1.266639577,-0.212179953,-0.116594545,0.006073328,0.455962176,0.021894878,0.452481615,-0.134444861,-0.069311768,0.416967461,0.022396593,0.472414338,0.805901965,4
-0.24935142,-1.70869387,0.240771618,2.211734586,-1.395524062,-0.21396402,1.293700165,0.909866708,1.057026829,-0.228699196,-0.121768867,-0.013812108,0.637320126,0.025091662,0.416920274,-0.040496703,0.023342885,0.70222053,0.020032506,0.514176256,0.692512655,4
-0.292424754,0.09448103,0.305647111,0.908604425,-1.456785241,-0.251644884,1.199607636,0.331033778,1.350850154,-0.211829545,-0.082912299,0.044609093,0.501123861,0.004311087,0.494443998,-0.102498699,-0.041945385,0.457827322,-0.008813292,0.508840011,0.878342886,4
-0.263766306,-1.75494882,0.260449493,2.336557634,-1.425847732,-0.211098346,1.204005639,0.871333736,1.13075677,-0.22917475,-0.088345337,0.023729385,0.69154971,0.00766771,0.45710459,-0.003853133,0.055342001,0.757343044,-0.011295583,0.552690025,0.75928411,4
-0.308204328,0.136294168,0.327477253,0.965429702,-1.488582126,-0.250709997,1.109703682,0.266772237,1.435060732,-0.211479136,-0.049230053,0.083144859,0.546285547,-0.013272704,0.536406381,-0.070552537,-0.014579002,0.498687183,-0.040023176,0.545265684,0.950783806,4
-0.278181192,-1.801203769,0.280127367,2.461380683,-1.456171402,-0.208232672,1.114311113,0.832800764,1.20448671,-0.229650304,-0.054921807,0.061270879,0.745779293,-0.009756242,0.497288905,0.032790437,0.087341117,0.812465558,-0.042623671,0.591203793,0.826055565,4
-0.260865606,0.010854753,0.261986827,0.794953872,-1.393191472,-0.253514657,1.379415545,0.459556861,1.182428999,-0.212530361,-0.150276791,-0.032462438,0.41080049,0.039478669,0.410519232,-0.166391023,-0.096678151,0.3761076,0.053606477,0.435988665,0.733461045,4
-0.234936534,-1.662438921,0.221093744,2.086911537,-1.365200392,-0.216829694,1.383394691,0.948399679,0.983296889,-0.228223642,-0.155192396,-0.051353602,0.583090543,0.042515614,0.376735958,-0.077140273,-0.008656231,0.647098015,0.051360595,0.475662487,0.6257412,4
-0.268755393,0.031761322,0.272901898,0.82336651,-1.409089914,-0.253047214,1.334463568,0.42742609,1.224534288,-0.212355157,-0.133435668,-0.013194555,0.433381333,0.030686774,0.431500424,-0.150417942,-0.08299496,0.396537531,0.038001535,0.454201502,0.769681505,4
-0.242143977,-1.685566395,0.230932681,2.149323062,-1.380362227,-0.215396857,1.338547428,0.929133193,1.020161859,-0.228461419,-0.138480631,-0.032582855,0.610205335,0.033803638,0.396828116,-0.058818488,0.007343327,0.674659273,0.035696551,0.494919372,0.659126928,4
-0.284534967,0.073574461,0.29473204,0.880191787,-1.440886799,-0.252112327,1.244559613,0.363164549,1.308744866,-0.212004749,-0.099753422,0.025341211,0.478543019,0.013102982,0.473462807,-0.11847178,-0.055628576,0.437397392,0.006791651,0.490627174,0.842122425,4
-0.256558863,-1.731821345,0.250610556,2.27414611,-1.410685897,-0.212531183,1.248852902,0.890600222,1.0938918,-0.228936973,-0.105057102,0.004958639,0.664434918,0.016379686,0.437012432,-0.022174918,0.039342443,0.729781787,0.004368462,0.53343314,0.725898383,4
-0.300314541,0.115387599,0.316562182,0.937017063,-1.472683683,-0.251177441,1.154655659,0.298903008,1.392955443,-0.21165434,-0.066071176,0.063876976,0.523704704,-0.004480809,0.515425189,-0.086525618,-0.028262193,0.478257253,-0.024418234,0.527052847,0.914563346,4
-0.270973749,-1.778076295,0.27028843,2.398969159,-1.441009567,-0.209665509,1.159158376,0.85206725,1.16762174,-0.229412527,-0.071633572,0.042500132,0.718664501,-0.001044266,0.477196747,0.014468652,0.071341559,0.784904301,-0.026959627,0.571946909,0.792669838,4
0.389309866,-0.422366828,-0.231015142,-0.356044071,-0.42500415,-0.201026685,-0.125438189,-0.107659711,-0.567047451,-0.389984671,-0.734087259,-0.713203031,0.041478703,0.053124765,0.448341125,-0.820399381,-0.646714782,0.009798719,0.451866613,0.290933746,-0.255937578,1
0.380813059,-0.470836838,-0.222974885,-0.360764802,-0.455502764,-0.201399325,-0.088498969,-0.064767046,-0.579485952,-0.391653677,-0.658991038,-0.651669206,-0.000366977,0.036637797,0.355348218,-0.740654252,-0.592199101,-0.025426074,0.293141537,0.309134982,-0.181809317,1
0.395746841,-0.338526809,-0.198854116,-0.35683086,-0.402531487,-0.201283859,-0.117168215,-0.219997644,-0.592346097,-0.398624235,-0.578482476,-0.592735402,-0.000366977,0.02897484,0.239107083,-0.623265461,-0.514852066,0.058491813,0.243530292,0.272732511,-0.396251787,1
0.392657093,-0.312326803,-0.312221733,-0.301755673,-0.394505536,-0.201840195,-0.077656113,0.129271201,-0.580540062,-0.36995659,-0.885937231,-0.855545501,-0.118929737,0.79643162,0.336749636,-0.809502531,-0.641030241,0.002546555,0.419410658,0.222679112,-0.165924689,1
0.392399614,-0.497036844,-0.174733346,-0.275004868,-0.375243254,-0.196754446,-0.180938909,-0.03208692,-0.52277482,-0.367338541,-0.722924307,-0.682869455,0.180964303,0.050047972,0.699421975,-0.838725901,-0.65510181,0.079212279,0.538415826,0.518449195,-0.4809698,1
0.390082303,-0.497036844,-0.178753474,-0.299395308,-0.431424911,-0.202186592,-0.095114949,-0.144424853,-0.526358795,-0.38730117,-0.846731591,-0.818330537,-0.042212657,0.160173956,0.462290061,-0.785232274,-0.623324293,0.016014858,0.357589791,0.281833128,-0.488912114,1
0.384675244,-0.142026766,-0.174733346,-0.27893881,-0.394505536,-0.200018982,-0.167523172,-0.105617203,-0.476815613,-0.37519269,-0.482751707,-0.452334281,0.236758543,0.023517885,0.597129777,-0.768391688,-0.608879968,0.010834742,0.325133836,0.359188381,-0.465085173,1
0.37257373,-0.52454685,-0.146592448,-0.237239026,-0.463528715,-0.195389849,-0.185533339,0.008763237,-0.459949849,-0.31726834,-0.75032428,-0.727069808,-0.007341257,0.055969348,0.462290061,-0.621779527,-0.513920174,0.079212279,0.244612157,0.27728282,-0.465085173,1
0.385962639,-0.634586874,-0.146592448,-0.266350196,-0.394505536,-0.198171528,-0.167155618,-0.025959397,-0.52488304,-0.368320309,-0.859924171,-0.827517277,0.062401543,0.219968244,0.648275876,-0.809502531,-0.633854673,0.110292978,0.413228571,0.49569765,-0.667084685,1
0.381842975,-0.439396831,-0.182773602,-0.334013997,-0.42018858,-0.201273362,-0.099525602,0.002635713,-0.560090323,-0.378792508,-0.847069862,-0.818590539,-0.042212657,0.160173956,0.462290061,-0.848334941,-0.666098136,-0.011957771,0.637329213,0.263631893,-0.633726968,1
-0.045600813,-0.426576135,-0.264554151,-0.442061193,-0.255362265,-0.270471901,0.084763647,0.459893242,-0.528166562,-0.353917327,-0.508233247,-0.487388275,0.031751705,-0.169590047,0.295637134,-0.6958937,-0.552778806,-0.113828279,0.092602718,0.141917481,0.127285511,1
-0.062574932,-0.523404944,-0.248492086,-0.451491822,-0.316289515,-0.271216326,0.158557333,0.545580157,-0.553015025,-0.357251511,-0.358213109,-0.364461812,-0.051843642,-0.202526155,0.109864687,-0.536586415,-0.443872527,-0.184197041,-0.224483246,0.178278191,0.27537195,1
-0.032741632,-0.259088465,-0.200305891,-0.443632964,-0.210468501,-0.270985659,0.101284622,0.235475132,-0.578705808,-0.371176632,-0.197380709,-0.246729425,-0.051843642,-0.217834488,-0.122350871,-0.302078175,-0.289355926,-0.016553813,-0.323591907,0.105556771,-0.153020963,1
-0.038914039,-0.206748569,-0.426781009,-0.333608959,-0.194435015,-0.272097054,0.180218166,0.933211439,-0.555120827,-0.31390712,-0.811584779,-0.771746616,-0.288697125,1.315318177,0.072710198,-0.674125003,-0.541422767,-0.128315965,0.027765276,0.005564819,0.307104758,1
-0.039428406,-0.57574484,-0.152119696,-0.280168728,-0.155954646,-0.261937226,-0.026110447,0.610865426,-0.439722882,-0.308677027,-0.485932957,-0.426790723,0.310402862,-0.175736574,0.797222741,-0.732504691,-0.569533618,0.024839577,0.265502562,0.596426353,-0.322262607,1
-0.044057711,-0.57574484,-0.160150728,-0.328893644,-0.268189054,-0.272789055,0.145340553,0.386447315,-0.446882609,-0.348556482,-0.733263454,-0.697402076,-0.135438989,0.044262715,0.323503001,-0.625640177,-0.506051496,-0.101410262,-0.095734612,0.123737126,-0.338129011,1
-0.054859423,0.13346076,-0.152119696,-0.288027585,-0.194435015,-0.268458808,0.000690244,0.463973571,-0.347909919,-0.324367304,-0.006138822,0.033750673,0.421863325,-0.228735876,0.592873049,-0.591997644,-0.477195987,-0.111758609,-0.160572054,0.278270143,-0.290529799,1
-0.079034684,-0.630701732,-0.095902468,-0.204723696,-0.332323002,-0.259211163,-0.035288766,0.692472011,-0.314217089,-0.208651509,-0.540670034,-0.515090013,-0.0657762,-0.163907408,0.323503001,-0.299109717,-0.28749428,0.024839577,-0.321430659,0.114646949,-0.290529799,1
-0.052287587,-0.850529298,-0.095902468,-0.262879241,-0.194435015,-0.264768138,0.00142451,0.623106413,-0.443934486,-0.310638312,-0.759618343,-0.715754478,0.073549379,0.163714095,0.695047895,-0.674125003,-0.527088094,0.086929661,0.015415287,0.550975466,-0.694065345,1
-0.060517463,-0.460597068,-0.168181761,-0.398051591,-0.245742173,-0.270964689,0.136529367,0.680231023,-0.51426827,-0.331558682,-0.733939221,-0.697921484,-0.135438989,0.044262715,0.323503001,-0.751700724,-0.591501038,-0.157291338,0.463102383,0.087376416,-0.627426447,1
0.458742224,-0.42896275,-0.218460248,-0.317231184,-0.467359074,-0.194636889,-0.126914029,-0.150098052,-0.554860351,-0.391763826,-0.750774446,-0.727658638,0.066815475,0.070189079,0.488643978,-0.820314146,-0.645598175,0.055426003,0.46378555,0.338785944,-0.331327971,1
0.451870045,-0.468165072,-0.211957325,-0.321049289,-0.492026213,-0.194938278,-0.097037757,-0.115406661,-0.564920553,-0.393113711,-0.690036967,-0.677890363,0.032970881,0.056854495,0.413431742,-0.755816652,-0.601506142,0.026936353,0.335409437,0.35350702,-0.271373373,1
0.46394842,-0.361153328,-0.192448557,-0.317867535,-0.449183287,-0.19484489,-0.120225312,-0.240956456,-0.57532178,-0.398751466,-0.624922011,-0.630224973,0.032970881,0.05065673,0.319416446,-0.660873136,-0.538948215,0.094808755,0.295284089,0.324064868,-0.444813459,1
0.461449445,-0.339962883,-0.284139766,-0.273322977,-0.442691935,-0.195294852,-0.088268106,0.041530582,-0.565773113,-0.375565207,-0.873590006,-0.842784575,-0.062922135,0.671372252,0.398389294,-0.811500823,-0.641000544,0.049560487,0.437535322,0.283581909,-0.258525959,1
0.461241198,-0.489355516,-0.17293979,-0.251687048,-0.427112689,-0.191181522,-0.171802756,-0.088975125,-0.51905285,-0.37344774,-0.741745902,-0.703124982,0.179630789,0.067700583,0.691717018,-0.835136551,-0.652381565,0.111567373,0.533786157,0.522799394,-0.513332999,1
0.459366967,-0.489355516,-0.176191251,-0.271413924,-0.472552156,-0.195575017,-0.102388732,-0.17983353,-0.521951552,-0.389593423,-0.841880665,-0.812685283,-0.000873713,0.156769974,0.499925814,-0.791871151,-0.626680055,0.060453589,0.387534889,0.331425406,-0.519756706,1
0.454993762,-0.202224995,-0.17293979,-0.254868803,-0.442691935,-0.193821864,-0.16095217,-0.148446081,-0.481881254,-0.37980014,-0.547495405,-0.516669191,0.224756914,0.04624317,0.608983557,-0.778250563,-0.61499755,0.056263934,0.361284661,0.393989979,-0.500485585,1
0.445206114,-0.511605483,-0.15017956,-0.221142209,-0.498517565,-0.190077842,-0.175518711,-0.055935706,-0.468240301,-0.332951192,-0.763906874,-0.738874024,0.027330116,0.072489765,0.499925814,-0.659671319,-0.538194505,0.111567373,0.296159097,0.327745137,-0.500485585,1
0.456035002,-0.600605349,-0.15017956,-0.244687189,-0.442691935,-0.192327651,-0.160654894,-0.084019213,-0.520757969,-0.37424179,-0.852550763,-0.820115476,0.083737772,0.205131319,0.650350288,-0.811500823,-0.635196978,0.136705299,0.432535279,0.504398049,-0.663861864,1
0.452703036,-0.442736539,-0.179442712,-0.299413361,-0.463464262,-0.1948364,-0.105956048,-0.060891619,-0.549233458,-0.382711657,-0.842154257,-0.812895571,-0.000873713,0.156769974,0.499925814,-0.842908299,-0.661275342,0.037829455,0.61378685,0.31670433,-0.636882295,1
0.018645861,-0.44010195,-0.25340848,-0.394823803,-0.304162503,-0.269203442,0.109624523,0.445248109,-0.507487459,-0.35418639,-0.512081649,-0.487968266,0.06842335,-0.167370058,0.341422361,-0.684244886,-0.542248248,-0.055985296,0.072271572,0.203255298,0.049836563,1
0.003296371,-0.527663071,-0.238883749,-0.403351806,-0.359258278,-0.269876616,0.17635526,0.52273375,-0.529957623,-0.357201452,-0.376420253,-0.376807353,-0.007170911,-0.197153783,0.173430585,-0.540185235,-0.443765618,-0.119618916,-0.214465429,0.236135848,0.183749338,1
0.030274263,-0.288644877,-0.195309556,-0.396245137,-0.263565615,-0.269668027,0.12456424,0.242309527,-0.553189487,-0.369793771,-0.230981459,-0.27034338,-0.007170911,-0.210996922,-0.036559136,-0.328122271,-0.304038124,0.031978827,-0.304088191,0.170374748,-0.20364119,1
0.02469263,-0.241314542,-0.400108265,-0.29675176,-0.249066727,-0.270673048,0.195942889,0.873264028,-0.531861874,-0.318005644,-0.786398769,-0.745110074,-0.221354651,1.175414485,0.13983223,-0.664559716,-0.531979119,-0.069086335,0.013639858,0.079953235,0.212444932,1
0.024227494,-0.574993406,-0.151735362,-0.248426405,-0.214269395,-0.261485638,0.009362421,0.581770428,-0.427508909,-0.313276135,-0.491915766,-0.433170633,0.32040422,-0.172928288,0.795000157,-0.717351762,-0.557399422,0.069410369,0.228622809,0.614262172,-0.356684362,1
0.02004127,-0.574993406,-0.158997728,-0.292487758,-0.315761613,-0.271298816,0.164403486,0.378831846,-0.433983363,-0.349338643,-0.715573743,-0.677881207,-0.082765173,0.026014408,0.366621127,-0.620715475,-0.499993308,-0.044755833,-0.098039597,0.186815023,-0.371032159,1
0.010273412,0.066332638,-0.151735362,-0.255533075,-0.249066727,-0.267383026,0.033597962,0.448937902,-0.344483557,-0.327464662,-0.058043734,-0.016708621,0.421196568,-0.220854916,0.610209203,-0.59029294,-0.473899619,-0.054113718,-0.156671311,0.32655736,-0.327988767,1
-0.011587984,-0.624690258,-0.100898803,-0.180202375,-0.373757166,-0.259020492,0.001062578,0.655566276,-0.314015538,-0.222824269,-0.541413843,-0.513018613,-0.019769955,-0.162231317,0.366621127,-0.32543793,-0.302354661,0.069410369,-0.302133801,0.178594885,-0.327988767,1
0.012599092,-0.823477667,-0.100898803,-0.232791732,-0.249066727,-0.264045598,0.034261949,0.592839806,-0.431317411,-0.315049701,-0.73940615,-0.694477061,0.10622048,0.134032845,0.70260468,-0.664559716,-0.519016448,0.125557681,0.002471913,0.573161485,-0.69290108,1
0.005156915,-0.470866668,-0.166260093,-0.355026452,-0.29546317,-0.269649064,0.156435637,0.644496899,-0.494919401,-0.333967738,-0.71618483,-0.678350901,-0.082765173,0.026014408,0.366621127,-0.734710503,-0.577264295,-0.095288414,0.407309937,0.153934473,-0.632640331,1
0.345870142,0.055145119,-0.411776681,-0.728903525,0.212086209,-0.198063583,3.59236854,0.34935256,-0.7204155,-0.346108151,-0.865549834,-0.850371688,-0.646794178,0.250384337,-0.265212929,-0.762424085,-0.612705561,-0.460981065,0.471278735,0.036833185,-0.688570266,1
0.418849933,0.231957586,-0.436819851,-0.421758192,0.193753894,-0.208302548,3.66220318,0.34935256,-0.644900493,-0.344341343,-0.677654051,-0.684445621,-0.588866315,0.146233119,-0.265212929,-0.807164054,-0.644343739,-0.500779811,0.520059299,0.017935917,-0.548662537,1
0.352285948,0.055145119,-0.361690341,-0.700312869,0.182087875,-0.208983692,3.630529546,0.321784562,-0.522544292,-0.338157514,-0.763699784,-0.7564309,-0.646794178,0.16099993,-0.1976286,-0.731054682,-0.593354993,-0.516914437,0.445123366,-0.010409984,-0.254553952,1
0.395057987,0.327164299,-0.274039246,-0.638230302,0.223752228,-0.199207906,3.576531723,0.461745168,-0.649497058,-0.337240133,-0.610924707,-0.591764575,-0.407841743,0.139844214,0.005124387,-0.646717269,-0.517887778,-0.320071992,0.417523836,0.197459962,-0.416725976,1
0.371214347,0.05113747,-0.414236416,-0.727098275,0.208280405,-0.199022554,3.748751355,0.381845228,-0.717529294,-0.342624092,-0.867490205,-0.851989037,-0.64519396,0.257976698,-0.259167501,-0.771144596,-0.618713859,-0.458524719,0.500640691,0.041357393,-0.691020285,1
0.438818095,0.214925078,-0.437434785,-0.442578748,0.191298536,-0.208507267,3.813441638,0.381845228,-0.647577086,-0.340987436,-0.693435732,-0.698285885,-0.591533343,0.161497762,-0.259167501,-0.812588803,-0.648021416,-0.495391697,0.545827844,0.023852189,-0.561418835,1
0.377157534,0.05113747,-0.367839677,-0.700613744,0.180491892,-0.209138235,3.784101237,0.356308022,-0.534234233,-0.335259138,-0.77314292,-0.76496838,-0.64519396,0.175176778,-0.19656176,-0.742086014,-0.600788747,-0.510337769,0.476412053,-0.002405617,-0.288975707,1
0.416778778,0.303118405,-0.286645384,-0.643104478,0.219087048,-0.200082581,3.734081155,0.485958454,-0.651835047,-0.334409336,-0.631621993,-0.612432172,-0.423843915,0.155579494,-0.008744536,-0.663961302,-0.530880811,-0.327995688,0.450845638,0.190151626,-0.439201357,1
-0.31936585,-0.828381557,0.781343436,1.318959586,-1.341678484,-0.215344963,-0.204460578,0.346666868,1.140374536,-0.201401072,0.927212269,0.967995468,1.031113979,-0.287862304,0.570068685,0.656208971,0.554827238,0.779725251,-0.53134527,0.908026835,1.604480971,4
-0.316841175,-0.404495599,0.426574062,0.54169892,-0.987540329,-0.229497278,-0.192882712,1.02760296,0.344507596,-0.151663646,1.068179361,0.883014972,0.41564582,-0.292558434,-0.14799686,0.631925431,0.344663824,0.297192461,-0.52679895,-0.051247987,0.99444233,4
-0.382230265,-0.009510956,0.574394635,0.341115522,-1.56990085,-0.231813112,-0.225273705,0.722183095,2.080944556,-0.229478651,0.968673178,1.074221088,0.825957926,-0.291846899,0.763832404,1.105454453,0.826669046,0.830518177,-0.548393972,0.584550442,0.323432739,4
-0.340323562,-0.843471661,0.797204518,1.344843729,-1.358179092,-0.216804666,-0.213938516,0.318082273,1.175421484,-0.199996594,0.96389912,1.003281877,1.041477209,-0.290119957,0.560057636,0.686116975,0.579562071,0.784535849,-0.537738779,0.916073812,1.674255497,4
-0.337720218,-0.406377417,0.431380531,0.54336362,-0.993005992,-0.231397968,-0.201999884,1.020236333,0.35475533,-0.14870935,1.109258747,0.915653389,0.406831063,-0.294962418,-0.180382832,0.66107676,0.362849965,0.286967337,-0.533050795,-0.073092013,1.045208051,4
-0.405146832,0.000914947,0.583807192,0.336530044,-1.593512867,-0.233785962,-0.235400181,0.705299586,2.145299666,-0.22894907,1.006651951,1.112817487,0.829928493,-0.294228712,0.759859032,1.149360946,0.859874469,0.836911482,-0.555318718,0.582517895,0.349240665,4
-0.361341989,-0.858633934,0.813090302,1.370739046,-1.374711835,-0.218277845,-0.223410129,0.289494973,1.210518182,-0.198586618,1.000636803,1.038611668,1.051789719,-0.292381385,0.549981923,0.716056637,0.604317494,0.789290067,-0.544137573,0.92407818,1.740187069,4
-0.358659875,-0.408314447,0.43619751,0.545008404,-0.998489625,-0.233312699,-0.211110268,1.01289424,0.36502098,-0.145747567,1.150394603,0.948331788,0.397940967,-0.297370366,-0.21286219,0.690258775,0.381048289,0.276666532,-0.539307744,-0.09501702,1.092106418,4
-0.428126629,0.011301438,0.593236174,0.331916626,-1.617166148,-0.235772947,-0.245521164,0.688428392,2.209742149,-0.228415115,1.044683214,1.151461517,0.833840135,-0.29661446,0.755828747,1.193317066,0.893111356,0.843250439,-0.562249432,0.580429799,0.375081016,4
-0.382360416,-0.873796206,0.828976086,1.396634363,-1.391244578,-0.219751024,-0.232881742,0.260907674,1.245614881,-0.197176642,1.037374485,1.073941459,1.06210223,-0.294642814,0.539906209,0.745996298,0.629072917,0.794044285,-0.550536368,0.932082548,1.806118641,4
-0.379599532,-0.410251478,0.44101449,0.546653188,-1.003973257,-0.23522743,-0.220220652,1.005552147,0.37528663,-0.142785783,1.191530459,0.981010188,0.389050871,-0.299778314,-0.245341548,0.719440791,0.399246613,0.266365727,-0.545564694,-0.116942027,1.139004784,4
-0.451106425,0.021687929,0.602665155,0.327303207,-1.640819429,-0.237759933,-0.255642146,0.671557199,2.274184632,-0.227881159,1.082714477,1.190105548,0.837751777,-0.299000208,0.751798461,1.237273187,0.926348243,0.849589396,-0.569180147,0.578341703,0.400921368,4
-0.329814349,-0.835890525,0.789261626,1.331896071,-1.34991272,-0.216068077,-0.20920271,0.332375922,1.157873135,-0.200701582,0.945530279,0.985616981,1.036320953,-0.288989242,0.565095493,0.671147144,0.56718436,0.78215874,-0.534539381,0.912071629,1.641289711,4
-0.32725039,-0.405408902,0.428972041,0.542541228,-0.990264176,-0.230440602,-0.197444693,1.02390738,0.349622505,-0.150190242,1.088690819,0.899314189,0.41127611,-0.293758444,-0.164143152,0.646485753,0.353750803,0.29211774,-0.52992232,-0.06212951,1.021758868,4
-0.393656934,-0.004278298,0.579092701,0.338836753,-1.581686227,-0.23279247,-0.23033969,0.713735182,2.113078424,-0.229216048,0.98763632,1.093495471,0.827972672,-0.293035838,0.761874175,1.127382886,0.843256026,0.833742003,-0.551853361,0.583561943,0.336320489,4
-0.350832776,-0.851052798,0.80514741,1.357791388,-1.366445463,-0.217541255,-0.218674323,0.303788623,1.192969833,-0.199291606,0.982267961,1.020946772,1.046633464,-0.291250671,0.555019779,0.701086806,0.591939782,0.786912958,-0.540938176,0.920075996,1.707221283,4
-0.348190047,-0.407345932,0.43378902,0.544186012,-0.995747808,-0.232355333,-0.206555076,1.016565287,0.359888155,-0.147228459,1.129826675,0.931992588,0.402386015,-0.296166392,-0.196622511,0.675667768,0.371949127,0.281816935,-0.536179269,-0.084054516,1.068657234,4
-0.41663673,0.006108193,0.588521683,0.334223335,-1.605339508,-0.234779455,-0.240460672,0.696863989,2.177520907,-0.228682092,1.025667583,1.132139502,0.831884314,-0.295421586,0.757843889,1.171339006,0.876492913,0.840080961,-0.558784075,0.581473847,0.36216084,4
-0.371851202,-0.86621507,0.821033194,1.383686704,-1.382978206,-0.219014434,-0.228145936,0.275201324,1.228066531,-0.19788163,1.019005644,1.056276564,1.056945975,-0.293512099,0.544944066,0.731026467,0.616695205,0.791667176,-0.547336971,0.928080364,1.773152855,4
-0.369129703,-0.409282962,0.438606,0.545830796,-1.001231441,-0.234270064,-0.21566546,1.009223193,0.370153805,-0.144266675,1.170962531,0.964670988,0.393495919,-0.29857434,-0.229101869,0.704849783,0.390147451,0.271516129,-0.542436219,-0.105979523,1.115555601,4
-0.439616527,0.016494683,0.597950664,0.329609917,-1.628992789,-0.23676644,-0.250581655,0.679992796,2.24196339,-0.228148137,1.063698846,1.170783533,0.835795956,-0.297807334,0.753813604,1.215295127,0.9097298,0.846419918,-0.565714789,0.579385751,0.388001192,4
-0.392869629,-0.881377342,0.836918978,1.409582021,-1.399510949,-0.220487613,-0.237617549,0.246614024,1.26316323,-0.196471654,1.055743327,1.091606355,1.067258486,-0.295773528,0.534868353,0.760966129,0.641450628,0.796421394,-0.553735765,0.936084731,1.839084427,4
-0.39006936,-0.411219993,0.44342298,0.54747558,-1.006715074,-0.236184795,-0.224775843,1.0018811,0.380419455,-0.141304892,1.212098386,0.997349388,0.384605823,-0.300982288,-0.261581228,0.734031798,0.408345775,0.261215324,-0.548693168,-0.12790453,1.162453967,4
-0.462596323,0.026881174,0.607379646,0.324996498,-1.652646069,-0.238753425,-0.260702638,0.663121603,2.306405873,-0.227614182,1.101730109,1.209427563,0.839707598,-0.300193082,0.749783319,1.259251247,0.942966687,0.852758875,-0.572645504,0.577297655,0.413841544,4
-0.16003214,0.864274278,0.10757715,-0.084983951,0.303335022,-0.225709723,-0.128007692,0.906391846,-0.477545183,-0.173070171,0.508886447,0.476633553,0.560335189,-0.268361394,0.044738482,0.316270845,0.269944547,0.923270396,-0.471173819,0.6585479,0.091372276,3
-0.220581221,-0.764457119,0.037549127,-0.184347684,0.184499196,-0.232223726,-0.115602733,0.728496044,-0.536303314,-0.226513209,-0.423596259,-0.408610389,0.05919955,-0.087349355,0.216850312,-0.587512375,-0.481641185,0.156279149,0.954345214,0.311770409,-0.396887742,2
-0.217778022,-0.33944665,-0.128767429,-0.100402462,0.236926766,-0.226966811,-0.141613131,0.83968092,-0.480758518,-0.203710846,0.012446207,-0.000805622,0.165501049,-0.242069142,0.034614257,0.00997677,-0.020219491,0.49465764,-0.424060348,0.36131005,-0.487968123,3
-0.152013064,0.842566837,0.111753428,-0.077275211,0.287809958,-0.224890471,-0.124277232,0.914062635,-0.470106304,-0.172691537,0.497994804,0.467160247,0.558342295,-0.267439175,0.053441878,0.307134084,0.261899157,0.913727756,-0.468709989,0.652919788,0.081185948,3
-0.211499281,-0.757574216,0.042954659,-0.174894738,0.171060147,-0.231290129,-0.112090026,0.739289572,-0.527833009,-0.225196449,-0.418119334,-0.402544344,0.066003466,-0.089604576,0.222532499,-0.580784351,-0.476493427,0.160200081,0.931785839,0.312229542,-0.398503276,2
-0.20874529,-0.340024274,-0.120442417,-0.092423069,0.222567417,-0.226125493,-0.137643844,0.848522736,-0.473263233,-0.202794353,0.010268952,-0.001898081,0.170438975,-0.241608451,0.04349537,0.006216619,-0.023171414,0.492638761,-0.422423536,0.360899577,-0.487984855,3
-0.168068989,0.886016432,0.103349336,-0.092780308,0.319033926,-0.226536257,-0.131729052,0.898753589,-0.485026432,-0.17338401,0.519726955,0.486051411,0.562253937,-0.269274366,0.035898283,0.325368108,0.277959297,0.932744627,-0.473619409,0.664056299,0.101559315,3
-0.229681993,-0.771333811,0.032090833,-0.193889986,0.198110006,-0.233164718,-0.119106123,0.717731936,-0.544817017,-0.227766109,-0.429140639,-0.414747373,0.052312718,-0.085081719,0.211034332,-0.594295712,-0.486832736,0.152276385,0.976947775,0.311185494,-0.395280042,2
-0.226829539,-0.338855377,-0.137148113,-0.10846974,0.251458794,-0.227815434,-0.145573556,0.830870469,-0.488296229,-0.20456308,0.014563639,0.000223033,0.160482068,-0.242520126,0.025596162,0.013692064,-0.017303286,0.49660061,-0.425678095,0.361595609,-0.487960819,3
-0.176096952,0.90774123,0.09914729,-0.100532856,0.33464591,-0.227359149,-0.135454963,0.891099067,-0.492486496,-0.173730247,0.53059303,0.495496994,0.564209758,-0.270191961,0.027126485,0.33448512,0.285989367,0.942253063,-0.476074119,0.669624555,0.111745999,3
-0.238773349,-0.778213609,0.02665892,-0.20338761,0.211634936,-0.234102013,-0.122614171,0.706953119,-0.55330902,-0.229050939,-0.434651291,-0.420848888,0.045467345,-0.082820291,0.205285249,-0.601051393,-0.49200239,0.148314537,0.999528743,0.31066347,-0.393668425,2
-0.235871664,-0.338270928,-0.145500961,-0.116493076,0.265904483,-0.228660404,-0.149538412,0.822044336,-0.495812727,-0.205447444,0.016710982,0.001283589,0.155503614,-0.242975964,0.016646558,0.017429786,-0.014369222,0.498581534,-0.427305375,0.361943625,-0.487948801,3
-0.17208297,0.896878831,0.101248313,-0.096656582,0.326839918,-0.226947703,-0.133592008,0.894926328,-0.488756464,-0.173557128,0.525159992,0.490774202,0.563231848,-0.269733163,0.031512384,0.329926614,0.281974332,0.937498845,-0.474846764,0.666840427,0.106652657,3
-0.234227671,-0.77477371,0.029374876,-0.198638798,0.204872471,-0.233633366,-0.120860147,0.712342528,-0.549063019,-0.228408524,-0.431895965,-0.417798131,0.048890032,-0.083951005,0.208159791,-0.597673553,-0.489417563,0.150295461,0.988238259,0.310924482,-0.394474233,2
-0.231350601,-0.338563152,-0.141324537,-0.112481408,0.258681639,-0.228237919,-0.147555984,0.826457403,-0.492054478,-0.205005262,0.015637311,0.000753311,0.157992841,-0.242748045,0.02112136,0.015560925,-0.015836254,0.497591072,-0.426491735,0.361769617,-0.48795481,3
-0.164055008,0.875154033,0.105450359,-0.088904033,0.311227934,-0.22612481,-0.129866097,0.902580851,-0.4812964,-0.173210892,0.514293917,0.48132862,0.561276027,-0.268815568,0.040284181,0.320809602,0.273944262,0.92799041,-0.472392054,0.661272171,0.096465974,3
-0.225136315,-0.767893913,0.034806789,-0.189141174,0.191347541,-0.232696071,-0.117352099,0.723121345,-0.540571015,-0.227123694,-0.426385312,-0.411696616,0.055735405,-0.086212433,0.213908874,-0.590917872,-0.484247908,0.154257309,0.965657291,0.311446506,-0.39608585,2
-0.222308477,-0.339147601,-0.132971689,-0.104458072,0.24423595,-0.227392948,-0.143591128,0.835283536,-0.48453798,-0.204120898,0.013489967,-0.000307246,0.162971295,-0.242292208,0.030070964,0.011823203,-0.018770318,0.495610148,-0.424864455,0.361421601,-0.487966828,3
-0.369959232,-0.118553238,-0.193766841,-0.836654219,0.026229225,-0.099190658,-0.098439685,-0.029844297,1.039689101,-0.193591654,0.679546223,0.389726326,-0.637699165,-0.234653256,-1.227976087,0.563470275,0.237298254,-0.588804352,-0.380498428,-0.814952461,-0.173848365,3
-0.309143773,-1.149941761,-0.341195015,-0.378584521,0.571657513,-0.030683025,-0.098706222,0.128427177,0.642200448,-0.186336628,0.28005497,0.179634706,-0.522099474,-0.228037911,-0.659595613,0.655831164,0.210267328,-0.631734938,-0.379857997,-1.239201344,-0.553424749,3
-0.344886192,-0.672246024,-0.235413218,-0.673640091,0.694711455,-0.108977462,-0.097944688,0.025593038,0.480584183,-0.210135826,0.518347998,0.26941745,-0.666599088,-0.232367955,-1.189441818,0.542945633,0.22185201,-0.663932878,-0.381459075,-0.84323572,-0.613762036,3
-0.347553537,-0.938235696,-0.17710829,-0.611694723,0.807788052,-0.075267357,-0.098287378,0.130966292,0.406328061,-0.197795501,0.202960167,0.009047493,-0.68104905,-0.224670099,-1.170174683,0.116033082,-0.034941786,-0.545873765,-0.352639676,-0.673536167,-0.656546657,3
-0.296340519,-0.588106434,-0.268730319,-0.536708224,1.017312333,-0.120939113,-0.094137021,0.317168026,-0.524057467,-0.20016864,0.216977404,-0.012500365,-0.623249204,-0.222745636,-1.36284603,0.01238364,-0.14499627,-0.567339058,-0.335668252,-0.994079767,-0.464564382,3
-0.27073401,-0.449683237,-0.358686493,-0.694831928,1.004009204,-0.11985169,-0.092042804,0.342559171,-0.638062455,-0.201660328,-0.105419045,-0.226183295,-0.695499011,-0.212521921,-1.064205442,-0.176443065,-0.268566217,-0.69183776,-0.312932949,-1.031790779,-0.705913528,2
-0.314478463,-0.590820614,-0.318705971,-0.826873371,1.037267026,-0.181182333,-0.092118958,0.456819326,-0.715812982,-0.196507225,-0.314275876,-0.37163134,-0.594349281,-0.196404536,-0.727030584,-0.286249899,-0.309112606,-0.545873765,-0.28987743,-0.68296392,-0.773381585,2
-0.3155454,-0.254262254,-0.327035247,-0.831763795,0.781181794,-0.157911486,-0.095850471,0.126734434,-0.013000628,-0.180234269,0.034753324,-0.059187392,-0.363149898,-0.216130291,-0.746297719,0.078062494,-0.089003638,-0.460012591,-0.339831054,-0.880946732,-0.739921817,3
-0.353955164,-0.688531106,-0.152120464,-0.764928003,0.648150504,-0.125288804,-0.097678152,0.166513896,0.17482368,-0.189387807,-0.056358716,-0.16513103,-0.724398934,-0.217212802,-0.89080123,0.276125288,0.026843188,-0.610269645,-0.362886573,-0.965796509,-0.680681572,3
-0.378362993,-0.113643867,-0.19845571,-0.83645865,0.008550649,-0.096137926,-0.103711948,-0.06440681,1.071304346,-0.199830171,0.703930213,0.409595191,-0.633698622,-0.236851045,-1.229398541,0.585934492,0.252212089,-0.584763266,-0.386319992,-0.810428254,-0.163815435,3
-0.316425063,-1.164068724,-0.348604964,-0.369934362,0.564045903,-0.026365848,-0.103983404,0.09678588,0.666479248,-0.192441239,0.297065552,0.195625911,-0.515965308,-0.230113601,-0.650527471,0.680000085,0.224682254,-0.628486223,-0.38566774,-1.242507496,-0.55039766,3
-0.352827179,-0.677556159,-0.240870753,-0.670435772,0.689371052,-0.106105366,-0.103207815,-0.007946269,0.501880031,-0.216679699,0.539756753,0.287065774,-0.663131951,-0.234523564,-1.190153044,0.565031027,0.236480755,-0.66127844,-0.387298369,-0.839233536,-0.611848591,3
-0.355543755,-0.948455201,-0.181489692,-0.607347078,0.804534702,-0.071773073,-0.10355683,0.099371859,0.426253365,-0.204111608,0.218547811,0.02189017,-0.677848615,-0.226683629,-1.170530296,0.130238952,-0.025052684,-0.54104031,-0.357947051,-0.66640184,-0.655422888,3
-0.303385499,-0.591863605,-0.274802788,-0.530976554,1.017926172,-0.118287792,-0.099329869,0.289010317,-0.521304285,-0.206528549,0.232823764,-5.53967E-05,-0.618981958,-0.224723646,-1.366757777,0.024676453,-0.137138443,-0.562901788,-0.340662386,-0.992861712,-0.459897197,3
-0.277306371,-0.450885532,-0.366419283,-0.692018746,1.004377507,-0.117180299,-0.097197,0.314870107,-0.637413461,-0.208047768,-0.095523156,-0.217682271,-0.692565279,-0.214311232,-1.062605182,-0.167635426,-0.26298912,-0.689698362,-0.317507457,-1.031268755,-0.705700923,2
-0.321858215,-0.594627881,-0.325700841,-0.826497277,1.038249169,-0.179642921,-0.097274559,0.431239161,-0.71659903,-0.202799555,-0.308234855,-0.36581485,-0.589548629,-0.197896369,-0.719207089,-0.279468964,-0.304283873,-0.54104031,-0.294026402,-0.6760036,-0.774414238,2
-0.322944845,-0.251857664,-0.33418385,-0.831477964,0.777437373,-0.155942564,-0.101074945,0.095061894,-0.000814872,-0.186226249,0.047236374,-0.047604126,-0.354082001,-0.217986202,-0.738829838,0.091567542,-0.080112355,-0.453594397,-0.34490202,-0.87764058,-0.740336903,3
-0.362063537,-0.694141815,-0.156040666,-0.763408583,0.641950725,-0.122717765,-0.102936359,0.135575564,0.190476109,-0.195548734,-0.04555732,-0.155503164,-0.721998608,-0.219088692,-0.886000448,0.29328598,0.037872655,-0.606624745,-0.368383075,-0.964056429,-0.680003261,3
-0.386790518,-0.108750832,-0.203162983,-0.836306568,-0.009143116,-0.093089155,-0.108915285,-0.098967099,1.102892877,-0.206075801,0.728290279,0.429439787,-0.629744647,-0.239035811,-1.230885464,0.608375218,0.267108425,-0.580770672,-0.392096211,-0.805971929,-0.153786569,3
-0.32373037,-1.178207744,-0.356032707,-0.361329589,0.556416844,-0.022052917,-0.109191659,0.06514615,0.69073298,-0.198552993,0.314053867,0.211593718,-0.50987819,-0.232176296,-0.641526156,0.704145133,0.239079792,-0.62528582,-0.391432142,-1.245879771,-0.547373059,3
-0.360792036,-0.682880332,-0.246346521,-0.667275614,0.684012689,-0.10323719,-0.108402018,-0.041483581,0.523151484,-0.223230616,0.561142253,0.304690329,-0.659711262,-0.236666161,-1.190928901,0.587093015,0.251092063,-0.658672181,-0.393092315,-0.835299118,-0.609937385,3
-0.363557832,-0.958687641,-0.185889568,-0.603043852,0.801262924,-0.06828285,-0.108757357,0.067778983,0.44615458,-0.210434811,0.234113507,0.034710158,-0.674694569,-0.228684178,-1.170950619,0.144423189,-0.015179951,-0.536255524,-0.363209197,-0.659335981,-0.65430118,3
-0.31045455,-0.595635163,-0.280893351,-0.525289614,1.018520714,-0.115640342,-0.10445381,0.260853394,-0.518571331,-0.212895543,0.248648118,0.012366971,-0.61476134,-0.226688683,-1.370733436,0.036948062,-0.129296529,-0.558513098,-0.345611361,-0.991710795,-0.455232869,3
-0.283902908,-0.452102788,-0.374169793,-0.689249638,1.004726568,-0.114512783,-0.102282296,0.287181723,-0.636784225,-0.214442288,-0.085647934,-0.209202962,-0.689677876,-0.216087613,-1.06107007,-0.158848207,-0.257427424,-0.687607027,-0.322036901,-1.030813715,-0.705490174,2
-0.329261962,-0.598449523,-0.332713597,-0.826164711,1.039211932,-0.17810713,-0.10236126,0.405659202,-0.717404512,-0.209098986,-0.302213637,-0.360019471,-0.584794726,-0.199375338,-0.711450142,-0.272707994,-0.299470373,-0.536255524,-0.298130406,-0.669111711,-0.775448467,2
-0.330368281,-0.249468847,-0.341350304,-0.831235639,0.773674634,-0.15397736,-0.106230504,0.063390928,0.011348535,-0.192225397,0.059698175,-0.036043266,-0.34506181,-0.219829167,-0.731428424,0.105051113,-0.071237218,-0.447225228,-0.349927811,-0.874402037,-0.740753704,3
-0.370195743,-0.699766494,-0.159979445,-0.761932948,0.63573318,-0.12015058,-0.108125643,0.104638643,0.20610541,-0.201716791,-0.034776796,-0.145897267,-0.719644491,-0.220951633,-0.881265536,0.310424373,0.048885496,-0.603028246,-0.373834306,-0.962383606,-0.679326911,3
